{
  "concurrent": false,
  "targets": {
    "precise-amd64": {
      "buildenv": "precise-amd64",
      "builddeps": [
        "cmake",
        "git",
        "build-essential",
        "pkg-config",
        "gettext",
        "libavahi-client-dev",
        "libssl-dev",
        "zlib1g-dev",
        "wget",
        "bzip2",
        "git-core",
        "liburiparser-dev",
        "python",
        "dvb-apps",
        "debhelper",
        "ccache"
      ],
      "buildcmd": [
        "AUTOBUILD_CONFIGURE_EXTRA=--enable-ccache\\ --disable-libx265_static\\ --disable-libx265\\ --enable-hdhomerun_static ./Autobuild.sh -t ${TARGET} -j ${PARALLEL} -w ${WORKDIR}",
        "support/bintray.py publish filelist.txt"
      ]
    },
    "precise-i386": {
      "buildenv": "precise-i386",
      "builddeps": [
        "cmake",
        "git",
        "build-essential",
        "pkg-config",
        "gettext",
        "libavahi-client-dev",
        "libssl-dev",
        "zlib1g-dev",
        "wget",
        "bzip2",
        "git-core",
        "liburiparser-dev",
        "python",
        "dvb-apps",
        "debhelper",
        "ccache"
      ],
      "buildcmd": [
        "AUTOBUILD_CONFIGURE_EXTRA=--enable-ccache\\ --disable-libx265_static\\ --disable-libx265\\ --enable-hdhomerun_static ./Autobuild.sh -t ${TARGET} -j ${PARALLEL} -w ${WORKDIR}",
        "support/bintray.py publish filelist.txt"
      ]
    },
    "trusty-amd64": {
      "buildenv": "trusty-amd64",
      "builddeps": [
        "cmake",
        "git",
        "build-essential",
        "pkg-config",
        "gettext",
        "libavahi-client-dev",
        "libssl-dev",
        "zlib1g-dev",
        "wget",
        "bzip2",
        "git-core",
        "liburiparser-dev",
        "python",
        "dvb-apps",
        "debhelper",
        "ccache"
      ],
      "buildcmd": [
        "AUTOBUILD_CONFIGURE_EXTRA=--enable-ccache\\ --enable-ffmpeg_static\\ --enable-hdhomerun_static ./Autobuild.sh -t ${TARGET} -j ${PARALLEL} -w ${WORKDIR}",
        "support/bintray.py publish filelist.txt"
      ]
    },
    "trusty-i386": {
      "buildenv": "trusty-i386",
      "builddeps": [
        "cmake",
        "git",
        "build-essential",
        "pkg-config",
        "gettext",
        "libavahi-client-dev",
        "libssl-dev",
        "zlib1g-dev",
        "wget",
        "bzip2",
        "git-core",
        "liburiparser-dev",
        "python",
        "dvb-apps",
        "debhelper",
        "ccache"
      ],
      "buildcmd": [
        "AUTOBUILD_CONFIGURE_EXTRA=--enable-ccache\\ --enable-ffmpeg_static\\ --enable-hdhomerun_static ./Autobuild.sh -t ${TARGET} -j ${PARALLEL} -w ${WORKDIR}",
        "support/bintray.py publish filelist.txt"
      ]
    },
    "xenial-amd64": {
      "buildenv": "xenial-amd64",
      "builddeps": [
        "cmake",
        "git",
        "build-essential",
        "pkg-config",
        "gettext",
        "libavahi-client-dev",
        "libssl-dev",
        "zlib1g-dev",
        "wget",
        "bzip2",
        "git-core",
        "liburiparser-dev",
        "python",
        "dvb-apps",
        "debhelper",
        "ccache"
      ],
      "buildcmd": [
        "AUTOBUILD_CONFIGURE_EXTRA=--enable-ccache\\ --enable-ffmpeg_static\\ --enable-hdhomerun_static ./Autobuild.sh -t ${TARGET} -j ${PARALLEL} -w ${WORKDIR}",
        "support/bintray.py publish filelist.txt"
      ]
    },
    "xenial-i386": {
      "buildenv": "xenial-i386",
      "builddeps": [
        "cmake",
        "git",
        "build-essential",
        "pkg-config",
        "libavahi-client-dev",
        "libssl-dev",
        "zlib1g-dev",
        "wget",
        "bzip2",
        "git-core",
        "liburiparser-dev",
        "python",
        "dvb-apps",
        "debhelper",
        "ccache"
      ],
      "buildcmd": [
        "AUTOBUILD_CONFIGURE_EXTRA=--enable-ccache\\ --enable-ffmpeg_static\\ --enable-hdhomerun_static ./Autobuild.sh -t ${TARGET} -j ${PARALLEL} -w ${WORKDIR}",
        "support/bintray.py publish filelist.txt"
      ]
    },
    "jessie-i386": {
      "buildenv": "jessie-i386",
      "builddeps": [
        "lsb-release",
        "cmake",
        "git",
        "build-essential",
        "pkg-config",
        "gettext",
        "libavahi-client-dev",
        "libssl-dev",
        "zlib1g-dev",
        "wget",
        "bzip2",
        "git-core",
        "liburiparser-dev",
        "python",
        "dvb-apps",
        "debhelper",
        "ccache"
      ],
      "buildcmd": [
        "AUTOBUILD_CONFIGURE_EXTRA=--enable-ccache\\ --enable-ffmpeg_static\\ --enable-hdhomerun_static ./Autobuild.sh -t ${TARGET} -j ${PARALLEL} -w ${WORKDIR}",
        "support/bintray.py publish filelist.txt"
      ]
    },
    "jessie-amd64": {
      "buildenv": "jessie-amd64",
      "builddeps": [
        "lsb-release",
        "cmake",
        "git",
        "build-essential",
        "pkg-config",
        "gettext",
        "libavahi-client-dev",
        "libssl-dev",
        "zlib1g-dev",
        "wget",
        "bzip2",
        "git-core",
        "liburiparser-dev",
        "python",
        "dvb-apps",
        "debhelper",
        "ccache"
      ],
      "buildcmd": [
        "AUTOBUILD_CONFIGURE_EXTRA=--enable-ccache\\ --enable-ffmpeg_static\\ --enable-hdhomerun_static ./Autobuild.sh -t ${TARGET} -j ${PARALLEL} -w ${WORKDIR}",
        "support/bintray.py publish filelist.txt"
      ]
    },
    "xenial-armhf": {
      "buildenv": "xenial-armhf",
      "builddeps": [
        "cmake",
        "git",
        "build-essential",
        "pkg-config",
        "gettext",
        "libavahi-client-dev",
        "libssl-dev",
        "zlib1g-dev",
        "wget",
        "bzip2",
        "git-core",
        "liburiparser-dev",
        "python",
        "dvb-apps",
        "debhelper",
        "ccache"
      ],
      "buildcmd": [
        "AUTOBUILD_CONFIGURE_EXTRA=--enable-ccache\\ --enable-hdhomerun_static\\ --disable-ffmpeg_static ./Autobuild.sh -t ${TARGET} -j ${PARALLEL} -w ${WORKDIR}",
        "support/bintray.py publish filelist.txt"
      ]
    },
    "xenial-arm64": {
      "buildenv": "xenial-arm64",
      "builddeps": [
        "cmake",
        "git",
        "build-essential",
        "pkg-config",
        "gettext",
        "libavahi-client-dev",
        "libssl-dev",
        "zlib1g-dev",
        "wget",
        "bzip2",
        "git-core",
        "liburiparser-dev",
        "python",
        "dvb-apps",
        "debhelper",
        "ccache"
      ],
      "buildcmd": [
        "AUTOBUILD_CONFIGURE_EXTRA=--enable-ccache\\ --enable-hdhomerun_static\\ --disable-ffmpeg_static ./Autobuild.sh -t ${TARGET} -j ${PARALLEL} -w ${WORKDIR}",
        "support/bintray.py publish filelist.txt"
      ]
    },
    "fedora24-x86_64": {
      "buildenv": "fedora24-x86_64",
      "builddeps": [
        "gcc-c++",
        "which",
        "rpm-build",
        "rpmdevtools",
        "git",
        "make",
        "cmake",
        "gettext-devel",
        "dbus-devel",
        "avahi-devel",
        "openssl-devel",
        "zlib-devel",
        "wget",
        "bzip2",
        "uriparser-devel",
        "python",
        "ccache"
      ],
      "buildcmd": [
        "./configure --disable-dvbscan && make -C rpm build-doozer",
        "support/bintray.py publish filelist.txt"
      ]
    },
    "centos7-x86_64": {
      "buildenv": "centos7-x86_64",
      "builddeps": [
        "gcc-c++",
        "which",
        "rpm-build",
        "rpmdevtools",
        "git",
        "make",
        "cmake",
        "gettext-devel",
        "dbus-devel",
        "avahi-devel",
        "openssl-devel",
        "zlib-devel",
        "wget",
        "bzip2",
        "uriparser-devel",
        "python",
        "ccache"
      ],
      "buildcmd": [
        "./configure --disable-dvbscan && make -C rpm build-doozer",
        "support/bintray.py publish filelist.txt"
      ]
    }
  }
}
